entry_time,exit_time,entry_index,exit_index,side,entry_price,exit_price,pnl,exit_reason,is_win,is_win_int,entry_hour,duration_minutes
2025-05-19 17:01:10.840214+00:00,2025-05-19 17:07:45.668040+00:00,1094,1110,LONG,21501.25,21531.723636257684,121.14454503073648,TAKE_PROFIT,True,1,17,6.580463766666667
2025-05-19 17:08:08.220867+00:00,2025-05-19 17:17:09.230332+00:00,1112,1131,LONG,21536.0,21524.17992290611,-48.03030837555707,STOP_LOSS,False,0,17,9.016824416666667
2025-05-19 17:25:24.672116+00:00,2025-05-19 17:30:05.956322+00:00,1144,1152,LONG,21535.25,21520.253277187127,-60.736891251493944,STOP_LOSS,False,0,17,4.6880701
2025-05-19 17:34:55.518379+00:00,2025-05-19 17:40:48.565019+00:00,1164,1172,LONG,21540.25,21521.411752131615,-76.1029914735409,STOP_LOSS,False,0,17,5.884110666666667
2025-05-20 17:50:14.016337+00:00,2025-05-20 17:55:01.257158+00:00,2463,2472,SHORT,21418.75,21433.52509636736,-59.8503854694427,STOP_LOSS,False,0,17,4.787347016666667
2025-05-20 20:06:27.963487+00:00,2025-05-20 20:08:20.493435+00:00,2772,2774,LONG,21433.0,21412.905868940386,-81.1265242384543,STOP_LOSS,False,0,20,1.8754991333333335
2025-05-21 17:17:28.216001+00:00,2025-05-21 17:19:13.611508+00:00,3931,3948,SHORT,21396.0,21347.796248101484,192.0650075940648,TAKE_PROFIT,True,1,17,1.7565917833333333
2025-05-21 17:20:12.268465+00:00,2025-05-21 17:22:23.054680+00:00,3957,3979,SHORT,21352.25,21304.32328115837,190.95687536652258,TAKE_PROFIT,True,1,17,2.17977025
2025-05-21 17:22:25.045921+00:00,2025-05-21 17:26:16.733026+00:00,3980,4018,SHORT,21299.75,21236.03239691575,254.1204123369971,TAKE_PROFIT,True,1,17,3.86145175
2025-05-21 17:26:22.652207+00:00,2025-05-21 17:26:40.581767+00:00,4020,4024,SHORT,21222.0,21244.125706810126,-89.2528272405034,STOP_LOSS,False,0,17,0.298826
2025-05-21 17:29:31.455217+00:00,2025-05-21 17:31:59.734407+00:00,4048,4080,SHORT,21207.0,21230.34465226043,-94.12860904172703,STOP_LOSS,False,0,17,2.4713198333333333
2025-05-21 17:35:11.345296+00:00,2025-05-21 17:37:08.217648+00:00,4111,4125,SHORT,21245.0,21267.86446162849,-92.20784651396389,STOP_LOSS,False,0,17,1.9478725333333335
2025-05-21 17:39:54.246207+00:00,2025-05-21 17:43:50.840127+00:00,4145,4167,SHORT,21325.75,21283.456286648427,168.42485340629355,TAKE_PROFIT,True,1,17,3.943232
2025-05-21 17:46:17.830174+00:00,2025-05-21 17:46:24.196479+00:00,4180,4181,SHORT,21261.5,21284.14283518298,-91.3213407319272,STOP_LOSS,False,0,17,0.10610508333333332
2025-05-22 17:15:01.584463+00:00,2025-05-22 17:16:27.606559+00:00,6007,6010,SHORT,21198.75,21214.22691344481,-62.65765377924254,STOP_LOSS,False,0,17,1.4337016
2025-05-22 17:44:03.931040+00:00,2025-05-22 19:05:16.758581+00:00,6068,6210,LONG,21280.75,21330.246572830663,197.23629132265341,TAKE_PROFIT,True,1,17,81.21379234999999
2025-05-23 17:03:49.657712+00:00,2025-05-23 17:17:34.792519+00:00,7874,7908,LONG,20995.75,21044.41547366,193.91189463999763,TAKE_PROFIT,True,1,17,13.752246783333334
2025-05-23 17:17:43.930012+00:00,2025-05-23 17:40:57.498016+00:00,7909,7954,LONG,21049.75,21029.17567830845,-83.04728676620289,STOP_LOSS,False,0,17,23.2261334
2025-05-23 17:50:14.642152+00:00,2025-05-23 18:20:08.720775+00:00,7970,8027,LONG,21051.0,21032.974382431818,-72.85247027272999,STOP_LOSS,False,0,17,29.901310383333335
2025-05-23 20:01:37.537666+00:00,2025-05-25 22:00:22.126123+00:00,8252,8283,SHORT,20954.0,20974.57432169155,-83.04728676620289,STOP_LOSS,False,0,20,2998.74314095
2025-05-27 17:02:02.626318+00:00,2025-05-27 17:57:49.686380+00:00,9720,9788,LONG,21445.5,21475.050192734725,117.45077093889995,TAKE_PROFIT,True,1,17,55.78433436666667
2025-05-27 20:15:26.920567+00:00,2025-05-28 04:41:30.061044+00:00,10014,10109,SHORT,21472.25,21437.436179184402,138.50528326239146,TAKE_PROFIT,True,1,20,506.05234128333336
2025-05-28 17:02:14.432036+00:00,2025-05-28 17:37:39.155971+00:00,10882,10926,LONG,21478.25,21465.654230346823,-51.13307861270732,STOP_LOSS,False,0,17,35.41206558333333
2025-05-28 20:00:21.045485+00:00,2025-05-28 20:05:13.902043+00:00,11228,11240,SHORT,21351.25,21371.233317836857,-80.68327134742867,STOP_LOSS,False,0,20,4.8809426333333334
2025-05-28 20:10:50.655551+00:00,2025-05-28 20:18:32.871587+00:00,11247,11253,SHORT,21377.5,21397.815757505123,-82.01303002049099,STOP_LOSS,False,0,20,7.7036006
2025-05-28 20:20:05.073497+00:00,2025-05-28 20:21:42.901542+00:00,11255,11265,SHORT,21404.5,21436.89439878544,-130.32759514175996,STOP_LOSS,False,0,20,1.6304674166666666
2025-05-29 17:36:59.855561+00:00,2025-05-29 17:41:42.742850+00:00,12896,12906,SHORT,21407.5,21426.892313982164,-78.31925592865446,STOP_LOSS,False,0,17,4.71478815
2025-05-29 17:48:21.966247+00:00,2025-05-29 18:19:55.084490+00:00,12920,12990,SHORT,21394.25,21347.431413385922,186.52434645631,TAKE_PROFIT,True,1,17,31.551970716666666
2025-05-30 17:20:57.835705+00:00,2025-05-30 17:23:04.644180+00:00,14604,14610,SHORT,21150.25,21168.79274594104,-74.92098376415379,STOP_LOSS,False,0,17,2.1134745833333333
2025-06-02 17:01:12.931825+00:00,2025-06-02 17:21:55.757524+00:00,16123,16155,LONG,21459.0,21444.85284522825,-57.338619086993276,STOP_LOSS,False,0,17,20.71376165
2025-06-02 20:03:08.222557+00:00,2025-06-02 22:18:32.745100+00:00,16394,16424,LONG,21547.5,21530.36088821386,-69.30644714455411,STOP_LOSS,False,0,20,135.40870905
2025-06-03 17:17:34.679499+00:00,2025-06-03 17:31:06.075386+00:00,17342,17361,LONG,21749.75,21737.3019813105,-50.54207475800649,STOP_LOSS,False,0,17,13.523264783333333
2025-06-04 17:27:27.649085+00:00,2025-06-04 17:31:26.951744+00:00,18664,18669,LONG,21780.0,21768.992553206317,-44.77978717473161,STOP_LOSS,False,0,17,3.98837765
2025-06-04 17:35:16.372292+00:00,2025-06-04 17:38:31.398612+00:00,18674,18679,LONG,21779.75,21768.336238056214,-46.40504777514434,STOP_LOSS,False,0,17,3.2504386666666667
2025-06-04 17:45:55.059977+00:00,2025-06-04 19:50:00.027569+00:00,18691,18849,LONG,21775.25,21762.91279453325,-50.09882186699542,STOP_LOSS,False,0,17,124.0827932
2025-06-05 17:00:00.892808+00:00,2025-06-05 17:03:16.927114+00:00,20092,20110,SHORT,21679.5,21699.44638009594,-80.53552038375346,STOP_LOSS,False,0,17,3.267238433333333
2025-06-05 17:46:20.036253+00:00,2025-06-05 17:58:13.931697+00:00,20199,20224,SHORT,21767.5,21723.08236654562,176.9205338175234,TAKE_PROFIT,True,1,17,11.8982574
2025-06-06 17:02:42.944327+00:00,2025-06-06 17:18:24.714428+00:00,21775,21801,SHORT,21754.75,21769.155718958176,-58.372875832705176,STOP_LOSS,False,0,17,15.696168349999999
2025-06-06 17:44:54.648331+00:00,2025-06-06 18:03:04.236665+00:00,21842,21866,LONG,21814.5,21848.852099054115,136.65839621645864,TAKE_PROFIT,True,1,17,18.159805566666666
2025-06-09 17:06:49.314754+00:00,2025-06-09 17:11:21.582718+00:00,22919,22924,LONG,21880.75,21870.038055133664,-43.5977794653445,STOP_LOSS,False,0,17,4.5377994
2025-06-09 17:26:15.763569+00:00,2025-06-09 17:27:44.555674+00:00,22955,22959,LONG,21870.75,21858.080354864986,-51.42858054005774,STOP_LOSS,False,0,17,1.4798684166666667
2025-06-09 17:53:05.497176+00:00,2025-06-09 17:55:24.598395+00:00,22986,22989,LONG,21876.75,21866.185806097335,-43.006775610658224,STOP_LOSS,False,0,17,2.3183536499999997
2025-06-09 20:00:33.055042+00:00,2025-06-09 22:01:02.730651+00:00,23147,23170,SHORT,21812.25,21826.655718958176,-58.372875832705176,STOP_LOSS,False,0,20,120.49459348333333
2025-06-10 17:08:26.909516+00:00,2025-06-10 17:27:43.300192+00:00,24143,24172,LONG,21908.0,21896.512362574376,-46.700549702494754,STOP_LOSS,False,0,17,19.273177933333333
2025-06-10 17:35:07.922820+00:00,2025-06-10 17:37:25.733310+00:00,24186,24189,LONG,21893.0,21880.588919051417,-50.394323794331285,STOP_LOSS,False,0,17,2.2968414999999998
2025-06-10 17:45:51.256164+00:00,2025-06-10 17:49:21.660482+00:00,24202,24206,LONG,21885.25,21873.392985165192,-48.17805933923228,STOP_LOSS,False,0,17,3.5067386333333332
2025-06-10 17:50:42.599592+00:00,2025-06-10 17:57:55.028219+00:00,24208,24217,LONG,21885.25,21873.171358719683,-49.06456512126897,STOP_LOSS,False,0,17,7.207143783333334
2025-06-11 17:17:13.681952+00:00,2025-06-11 17:36:25.271447+00:00,25606,25626,LONG,22004.5,21991.0546623057,-54.53135077719344,STOP_LOSS,False,0,17,19.19315825
2025-06-11 17:43:33.570964+00:00,2025-06-11 17:50:13.504116+00:00,25637,25658,SHORT,21977.0,21940.15460343389,146.63158626444056,TAKE_PROFIT,True,1,17,6.665552533333334
2025-06-11 17:55:47.569140+00:00,2025-06-11 18:01:46.500727+00:00,25670,25694,SHORT,21937.0,21895.168008409906,166.57796636037529,TAKE_PROFIT,True,1,17,5.982193116666666
2025-06-12 17:02:04.386441+00:00,2025-06-12 18:23:39.153108+00:00,27214,27310,LONG,21940.25,21922.66763532284,-71.07945870864205,STOP_LOSS,False,0,17,81.57944445
2025-06-17 17:01:27.104247+00:00,2025-06-17 17:11:28.145184+00:00,30328,30335,SHORT,21795.75,21828.439900712787,-131.50960285114706,STOP_LOSS,False,0,17,10.01734895
2025-06-17 17:30:01.633742+00:00,2025-06-17 17:35:18.440898+00:00,30343,30347,SHORT,21772.25,21807.23004064973,-140.67016259892262,STOP_LOSS,False,0,17,5.280119266666667
2025-06-17 17:45:12.894838+00:00,2025-06-17 22:06:03.769056+00:00,30352,30441,SHORT,21776.75,21682.189383248886,377.49246700445656,TAKE_PROFIT,True,1,17,260.8479036333334
2025-06-18 17:07:01.071337+00:00,2025-06-18 17:21:57.961025+00:00,30622,30625,LONG,21804.25,21778.75,-102.75,Delta trend bearish + Strong selling (-54.7%) + Sellers control (0.29),False,0,17,14.948161466666667
2025-06-18 17:23:33.680348+00:00,2025-06-18 17:53:00.891959+00:00,30626,30638,SHORT,21769.0,21801.061959117174,-128.99783646869764,STOP_LOSS,False,0,17,29.45352685
2025-06-23 17:02:44.746209+00:00,2025-06-23 17:19:09.477768+00:00,32089,32159,LONG,21883.0,21951.427165051344,272.95866020537505,TAKE_PROFIT,True,1,17,16.412192649999998
2025-06-23 17:19:37.002781+00:00,2025-06-23 17:27:29.153437+00:00,32161,32188,LONG,21956.75,22005.41547366,193.91189463999763,TAKE_PROFIT,True,1,17,7.8691776
2025-06-23 17:28:41.152779+00:00,2025-06-23 17:31:39.021008+00:00,32193,32214,LONG,22007.5,22055.703751898516,192.0650075940648,TAKE_PROFIT,True,1,17,2.9644704833333337
2025-06-23 17:37:02.046426+00:00,2025-06-23 17:40:46.358004+00:00,32233,32245,LONG,22065.75,22045.61893119947,-81.27427520211495,STOP_LOSS,False,0,17,3.7385262999999997
2025-06-23 17:45:12.115148+00:00,2025-06-23 17:54:47.354317+00:00,32258,32280,LONG,22060.25,22042.66763532284,-71.07945870864205,STOP_LOSS,False,0,17,9.587319483333333
2025-06-23 20:24:31.639171+00:00,2025-06-23 22:03:26.868945+00:00,32500,32513,LONG,22069.5,22108.469316668918,155.1272666756704,TAKE_PROFIT,True,1,20,98.92049623333334
2025-06-24 17:31:35.104592+00:00,2025-06-24 19:00:17.694196+00:00,33529,33619,LONG,22400.25,22434.04803294034,134.44213176135963,TAKE_PROFIT,True,1,17,88.70982673333333
2025-06-25 17:03:42.199863+00:00,2025-06-25 17:20:13.343078+00:00,34561,34586,SHORT,22437.5,22449.28313935297,-47.88255741188186,STOP_LOSS,False,0,17,16.519053583333335
2025-06-25 17:31:38.974232+00:00,2025-06-25 17:35:56.786900+00:00,34604,34614,SHORT,22445.25,22420.594057936964,97.87376825214596,TAKE_PROFIT,True,1,17,4.2968778
2025-06-25 17:40:20.955870+00:00,2025-06-25 17:50:21.740300+00:00,34623,34649,SHORT,22416.25,22429.769213176136,-54.82685270454385,STOP_LOSS,False,0,17,10.013073833333333
2025-06-25 17:54:16.686570+00:00,2025-06-25 18:13:02.041139+00:00,34657,34683,SHORT,22411.25,22424.65839995338,-54.38359981351823,STOP_LOSS,False,0,17,18.755909483333333
2025-06-25 20:01:56.123622+00:00,2025-06-25 20:24:58.148435+00:00,34826,34841,LONG,22474.75,22458.71902044141,-64.8739182343561,STOP_LOSS,False,0,20,23.033746883333333
2025-06-26 17:01:28.090728+00:00,2025-06-26 17:30:40.261169+00:00,35665,35699,LONG,22608.75,22639.59301366687,122.622054667474,TAKE_PROFIT,True,1,17,29.20284068333333
2025-06-26 17:31:22.031847+00:00,2025-06-26 18:05:28.734018+00:00,35700,35736,LONG,22641.0,22667.225796052066,104.15318420826225,TAKE_PROFIT,True,1,17,34.11170285
2025-06-27 17:44:20.786899+00:00,2025-06-27 17:44:36.104653+00:00,36769,36775,SHORT,22761.0,22727.848377525734,131.85648989706533,TAKE_PROFIT,True,1,17,0.2552959
2025-06-27 17:46:00.409605+00:00,2025-06-27 18:29:55.271851+00:00,36784,36917,SHORT,22723.0,22667.68573297469,220.50706810124393,TAKE_PROFIT,True,1,17,43.91437076666667
2025-06-27 20:01:07.953641+00:00,2025-06-27 20:46:30.711404+00:00,37178,37200,LONG,22745.75,22728.758639177533,-68.71544328986784,STOP_LOSS,False,0,20,45.37929605
2025-06-30 17:31:24.649690+00:00,2025-06-30 17:55:53.322045+00:00,38041,38070,SHORT,22828.0,22839.74620161205,-47.734806448206655,STOP_LOSS,False,0,17,24.477872583333333
2025-06-30 17:57:04.106903+00:00,2025-06-30 18:00:45.372755+00:00,38076,38092,SHORT,22808.0,22827.466189463998,-78.61475785599032,STOP_LOSS,False,0,17,3.6877641999999997
2025-07-01 17:51:08.819290+00:00,2025-07-01 17:56:06.776002+00:00,39448,39460,LONG,22750.0,22736.517724564783,-54.679101740868646,STOP_LOSS,False,0,17,4.965945199999999
2025-07-02 17:02:16.567493+00:00,2025-07-02 17:06:40.331346+00:00,40531,40537,LONG,22845.0,22833.40154935162,-47.14380259352038,STOP_LOSS,False,0,17,4.396064216666667
2025-07-02 17:50:19.558794+00:00,2025-07-02 18:02:17.228414+00:00,40587,40600,LONG,22827.5,22816.049300315295,-46.55279873881955,STOP_LOSS,False,0,17,11.961160333333334
2025-07-07 17:26:36.842764+00:00,2025-07-07 17:30:12.297289+00:00,42745,42752,SHORT,22875.0,22889.59040766277,-59.111630651081214,STOP_LOSS,False,0,17,3.5909087499999996
2025-07-07 17:30:18.546187+00:00,2025-07-07 17:30:24.065271+00:00,42755,42757,LONG,22925.0,22905.459935054165,-78.91025978334073,STOP_LOSS,False,0,17,0.09198473333333333
2025-07-07 17:33:14.126226+00:00,2025-07-07 17:34:21.068640+00:00,42768,42773,SHORT,22882.25,22903.526138769,-85.85455507600273,STOP_LOSS,False,0,17,1.1157069
2025-07-07 17:36:03.953217+00:00,2025-07-07 18:21:00.072765+00:00,42779,42857,SHORT,22864.25,22804.78023712137,237.12905151452287,TAKE_PROFIT,True,1,17,44.9353258
2025-07-08 17:17:23.218380+00:00,2025-07-08 17:24:09.325773+00:00,43965,43983,SHORT,22892.75,22909.66748534063,-68.41994136251742,STOP_LOSS,False,0,17,6.76845655
2025-07-08 17:34:35.327540+00:00,2025-07-08 17:49:16.994452+00:00,43998,44014,SHORT,22897.0,22910.999403808077,-56.747615232307,STOP_LOSS,False,0,17,14.694448533333334
2025-07-09 17:00:48.241249+00:00,2025-07-09 17:06:45.175238+00:00,45056,45068,SHORT,22975.25,22987.77189417134,-50.83757668535691,STOP_LOSS,False,0,17,5.948899816666667
2025-07-09 17:15:00.524559+00:00,2025-07-09 17:17:13.689326+00:00,45079,45083,SHORT,22973.0,22986.260648989708,-53.79259595883195,STOP_LOSS,False,0,17,2.2194127833333335
2025-07-09 17:53:05.719247+00:00,2025-07-09 18:00:25.682482+00:00,45130,45144,SHORT,22973.75,22989.48547763124,-63.69191052495444,STOP_LOSS,False,0,17,7.332720583333333
2025-07-10 17:32:45.989409+00:00,2025-07-10 17:46:22.142386+00:00,46216,46232,LONG,23025.5,23021.0,-18.75,Delta trend bearish + Strong selling (-42.6%) + Sellers control (0.40),False,0,17,13.602549616666666
2025-07-10 17:53:34.914872+00:00,2025-07-10 18:45:32.370241+00:00,46240,46294,LONG,23035.5,23025.34212124744,-41.381515010245494,STOP_LOSS,False,0,17,51.95758948333333
2025-07-11 17:03:53.065159+00:00,2025-07-11 17:24:57.177437+00:00,47385,47410,LONG,23015.75,23002.193849082945,-54.97460366821906,STOP_LOSS,False,0,17,21.068537966666668
2025-07-11 17:28:30.134071+00:00,2025-07-11 17:32:03.021708+00:00,47415,47419,LONG,23014.5,23001.53485293764,-52.610588249444845,STOP_LOSS,False,0,17,3.5481272833333337
2025-07-11 17:51:43.808473+00:00,2025-07-11 18:59:16.160495+00:00,47452,47520,LONG,22994.25,22979.290214928045,-60.589140287818736,STOP_LOSS,False,0,17,67.53920036666666
2025-07-14 17:01:32.479193+00:00,2025-07-14 17:20:37.091175+00:00,48504,48527,LONG,23039.75,23062.46671066482,90.11684265927761,TAKE_PROFIT,True,1,17,19.076866366666664
2025-07-14 17:36:01.931989+00:00,2025-07-14 17:40:27.482189+00:00,48543,48548,LONG,23062.75,23053.146187361213,-39.165250555146486,STOP_LOSS,False,0,17,4.425836666666667
2025-07-15 17:14:26.777363+00:00,2025-07-15 17:20:37.841287+00:00,49780,49794,SHORT,23099.5,23114.459785071955,-60.589140287818736,STOP_LOSS,False,0,17,6.1843987333333335
2025-07-15 17:56:55.156454+00:00,2025-07-15 18:51:42.537653+00:00,49841,49907,LONG,23157.5,23145.569109683354,-48.47356126658269,STOP_LOSS,False,0,17,54.78968665
2025-07-15 20:02:54.140895+00:00,2025-07-15 20:31:26.388611+00:00,50054,50077,SHORT,23044.5,23011.44072187803,131.4871124878846,TAKE_PROFIT,True,1,20,28.537461933333336
2025-07-16 17:03:37.670850+00:00,2025-07-16 17:32:11.026093+00:00,51324,51363,LONG,23049.75,23035.713658451008,-56.895366195967654,STOP_LOSS,False,0,17,28.555920716666666
2025-07-16 20:13:21.078770+00:00,2025-07-16 22:05:14.532780+00:00,51548,51560,LONG,23067.75,23054.52628875121,-53.644844995156745,STOP_LOSS,False,0,20,111.89090016666667
2025-07-17 17:14:51.792673+00:00,2025-07-17 17:27:25.083442+00:00,52379,52388,LONG,23258.5,23247.861930615498,-43.30227753800864,STOP_LOSS,False,0,17,12.55484615
2025-07-17 17:38:27.139139+00:00,2025-07-17 18:11:22.332969+00:00,52400,52435,LONG,23261.75,23247.455094264576,-57.929622941694106,STOP_LOSS,False,0,17,32.919897166666665
2025-07-18 17:01:46.945198+00:00,2025-07-18 17:05:38.485774+00:00,53407,53415,SHORT,23178.75,23192.63859058532,-56.304362341281376,STOP_LOSS,False,0,17,3.8590096
2025-07-18 17:07:58.545571+00:00,2025-07-18 17:14:22.496764+00:00,53419,53431,SHORT,23189.75,23202.93677350787,-53.49709403148154,STOP_LOSS,False,0,17,6.39918655
2025-07-18 17:45:27.927961+00:00,2025-07-18 18:02:10.921940+00:00,53471,53493,SHORT,23200.0,23212.4480186895,-50.54207475800649,STOP_LOSS,False,0,17,16.716566316666665
2025-07-21 20:13:27.578805+00:00,2025-07-22 00:14:01.199354+00:00,54538,54569,SHORT,23344.25,23355.8853883893,-47.291553557195584,STOP_LOSS,False,0,20,240.56034248333333
2025-07-22 17:28:08.607754+00:00,2025-07-22 17:40:48.510286+00:00,55541,55562,LONG,23236.25,23227.27412895683,-36.65348417268251,STOP_LOSS,False,0,17,12.665042199999998
2025-07-22 20:01:08.472709+00:00,2025-07-22 22:20:08.829479+00:00,55761,55798,SHORT,23210.5,23182.519661254308,111.17135498276912,TAKE_PROFIT,True,1,20,139.00594616666666
2025-07-23 17:57:01.945339+00:00,2025-07-23 18:22:18.399924+00:00,56807,56844,LONG,23264.0,23299.829608690852,142.56843476340873,TAKE_PROFIT,True,1,17,25.27424308333333
2025-07-23 20:02:16.520301+00:00,2025-07-23 20:02:51.759442+00:00,56983,56990,LONG,23327.75,23375.953751898516,192.0650075940648,TAKE_PROFIT,True,1,20,0.5873190166666666
2025-07-23 20:13:21.490479+00:00,2025-07-24 06:45:18.641142+00:00,57018,57151,LONG,23384.5,23358.97602102538,-102.84591589847696,STOP_LOSS,False,0,20,631.95251105
2025-07-24 17:06:04.678317+00:00,2025-07-24 17:12:07.230565+00:00,57849,57859,LONG,23380.5,23403.770776778594,92.33310711437662,TAKE_PROFIT,True,1,17,6.042537466666667
2025-07-24 17:13:31.904005+00:00,2025-07-24 17:29:00.649389+00:00,57862,57888,LONG,23407.0,23398.02412895683,-36.65348417268251,STOP_LOSS,False,0,17,15.479089733333332
2025-07-24 17:53:10.577529+00:00,2025-07-24 17:57:01.384139+00:00,57912,57915,LONG,23401.0,23391.24843639754,-39.75625440983276,STOP_LOSS,False,0,17,3.8467768333333336
2025-07-25 17:25:42.730025+00:00,2025-07-25 17:52:40.836237+00:00,58807,58830,LONG,23449.25,23440.089440252235,-37.39223899105855,STOP_LOSS,False,0,17,26.968436866666664
2025-07-28 17:02:04.183223+00:00,2025-07-28 17:12:27.653201+00:00,59706,59719,SHORT,23472.0,23483.893952575727,-48.325810302907485,STOP_LOSS,False,0,17,10.3911663
2025-07-28 17:17:39.061402+00:00,2025-07-28 17:33:10.280428+00:00,59723,59746,SHORT,23470.75,23482.200699684705,-46.55279873881955,STOP_LOSS,False,0,17,15.5203171
2025-07-28 17:49:52.044871+00:00,2025-07-28 18:05:44.679187+00:00,59758,59780,SHORT,23476.75,23450.15482653875,105.63069384499977,TAKE_PROFIT,True,1,17,15.8772386
2025-07-28 20:22:34.612346+00:00,2025-07-29 00:26:03.869664+00:00,59916,59950,LONG,23507.5,23533.264074290586,102.30629716234398,TAKE_PROFIT,True,1,20,243.48762196666667
2025-07-29 17:20:50.288356+00:00,2025-07-29 17:28:06.707022+00:00,60796,60804,SHORT,23508.25,23518.22319004797,-40.64276019188401,STOP_LOSS,False,0,17,7.273644433333333
2025-07-29 17:28:12.228331+00:00,2025-07-29 17:28:23.940242+00:00,60805,60806,SHORT,23501.0,23514.40839995338,-54.38359981351823,STOP_LOSS,False,0,17,0.19519851666666668
2025-07-29 17:35:10.538930+00:00,2025-07-29 19:27:46.560589+00:00,60813,60952,SHORT,23499.5,23458.591451932865,162.88419226853875,TAKE_PROFIT,True,1,17,112.60036098333333
2025-07-29 20:49:25.336534+00:00,2025-07-29 22:01:01.958334+00:00,61042,61045,SHORT,23451.0,23462.487637425624,-46.700549702494754,STOP_LOSS,False,0,20,71.61036333333332
2025-07-30 17:39:48.705346+00:00,2025-07-30 17:51:17.067463+00:00,61700,61712,LONG,23541.75,23530.336238056214,-46.40504777514434,STOP_LOSS,False,0,17,11.47270195
2025-07-30 17:53:46.385459+00:00,2025-07-30 18:00:07.134200+00:00,61714,61719,LONG,23538.5,23527.344802242642,-45.37079102943244,STOP_LOSS,False,0,17,6.34581235
2025-07-30 20:01:35.081666+00:00,2025-07-30 20:02:45.735858+00:00,62198,62201,LONG,23501.0,23548.187964023262,188.00185609304754,TAKE_PROFIT,True,1,20,1.1775698666666665
2025-07-30 20:02:46.440729+00:00,2025-07-30 20:02:51.501684+00:00,62202,62204,LONG,23598.0,23566.159667328335,-128.11133068666095,STOP_LOSS,False,0,20,0.08434925
2025-07-30 20:05:25.967947+00:00,2025-07-30 20:13:11.876237+00:00,62225,62265,LONG,23595.0,23664.165919869713,275.9136794788501,TAKE_PROFIT,True,1,20,7.7651381666666675
2025-07-30 20:13:19.106275+00:00,2025-07-30 20:17:58.038326+00:00,62266,62280,LONG,23674.5,23656.25275598631,-73.73897605476668,STOP_LOSS,False,0,20,4.648867516666667
2025-07-30 20:21:26.471886+00:00,2025-07-30 22:00:00.303638+00:00,62287,62315,LONG,23659.0,23707.296096250815,192.4343850032601,TAKE_PROFIT,True,1,20,98.56386253333334
2025-07-31 17:02:06.415148+00:00,2025-07-31 17:19:00.329946+00:00,63392,63425,SHORT,23559.5,23522.19288167241,148.47847331035882,TAKE_PROFIT,True,1,17,16.898579966666667
2025-07-31 17:22:03.398771+00:00,2025-07-31 17:25:58.581073+00:00,63432,63445,SHORT,23511.5,23476.593834832107,138.8746606715722,TAKE_PROFIT,True,1,17,3.9197050333333334
2025-07-31 17:26:01.236532+00:00,2025-07-31 17:26:15.506552+00:00,63446,63448,SHORT,23470.25,23482.77189417134,-50.83757668535691,STOP_LOSS,False,0,17,0.23783366666666667
2025-07-31 17:27:06.873512+00:00,2025-07-31 17:32:34.918287+00:00,63453,63488,SHORT,23462.75,23425.165848615525,149.58660553790105,TAKE_PROFIT,True,1,17,5.4674129166666665
2025-07-31 17:47:55.801596+00:00,2025-07-31 17:50:55.342245+00:00,63539,63550,SHORT,23466.75,23427.873027683378,154.75788926648966,TAKE_PROFIT,True,1,17,2.99234415
2025-07-31 17:51:52.190215+00:00,2025-07-31 17:58:07.784769+00:00,63554,63586,SHORT,23414.5,23371.00581006858,173.22675972568686,TAKE_PROFIT,True,1,17,6.2599092333333335
2025-07-31 20:03:22.320837+00:00,2025-08-01 07:33:56.274281+00:00,63996,64298,SHORT,23348.5,23178.77108047993,678.1656780802732,TAKE_PROFIT,True,1,20,690.5658907333333
2025-08-01 17:02:13.701784+00:00,2025-08-01 17:08:38.408898+00:00,65623,65645,SHORT,22872.25,22890.608057236448,-74.1822289457923,STOP_LOSS,False,0,17,6.411785233333333
2025-08-01 17:13:57.917777+00:00,2025-08-01 18:09:26.661657+00:00,65659,65787,SHORT,22864.5,22816.38859245378,191.69563018488407,TAKE_PROFIT,True,1,17,55.479064666666666
2025-08-04 17:10:55.326146+00:00,2025-08-04 17:41:17.609262+00:00,67073,67099,LONG,23280.5,23269.529490947232,-44.632036211070954,STOP_LOSS,False,0,17,30.371385266666667
2025-08-04 17:53:37.357198+00:00,2025-08-04 18:14:26.238827+00:00,67120,67145,LONG,23271.25,23258.174039714886,-53.053841140455916,STOP_LOSS,False,0,17,20.814693816666665
2025-08-04 20:05:00.083539+00:00,2025-08-04 20:05:33.706454+00:00,67295,67302,LONG,23311.0,23295.781650741617,-61.62339703353064,STOP_LOSS,False,0,20,0.5603819166666667
2025-08-04 20:08:05.027773+00:00,2025-08-05 06:41:26.084797+00:00,67308,67466,LONG,23325.25,23388.782914379655,253.38165751862107,TAKE_PROFIT,True,1,20,633.3509504
2025-08-05 20:24:51.141298+00:00,2025-08-05 22:10:23.586496+00:00,68871,68903,SHORT,23119.5,23056.33646302953,251.90414788188355,TAKE_PROFIT,True,1,20,105.5407533
2025-08-06 17:03:20.503145+00:00,2025-08-06 18:24:19.118764+00:00,70047,70140,LONG,23372.25,23418.79155355719,185.41621422875323,TAKE_PROFIT,True,1,17,80.97692698333334
2025-08-07 17:02:05.550081+00:00,2025-08-07 17:30:06.516412+00:00,71527,71607,SHORT,23463.0,23409.163242611427,214.59702955429384,TAKE_PROFIT,True,1,17,28.016105516666666
2025-08-07 17:31:07.455553+00:00,2025-08-07 17:40:28.296085+00:00,71611,71643,SHORT,23403.0,23419.21566826318,-65.61267305271758,STOP_LOSS,False,0,17,9.347342200000002
2025-08-08 17:22:28.325199+00:00,2025-08-08 17:26:59.065030+00:00,72845,72855,LONG,23674.25,23662.171358719683,-49.06456512126897,STOP_LOSS,False,0,17,4.512330516666666
2025-08-08 17:31:27.157126+00:00,2025-08-08 18:00:24.303697+00:00,72861,72895,LONG,23678.5,23710.635834599012,127.79333839604806,TAKE_PROFIT,True,1,17,28.95244285
2025-08-08 20:01:14.609137+00:00,2025-08-08 20:15:01.894249+00:00,73052,73068,LONG,23727.75,23759.70114589442,127.05458357768657,TAKE_PROFIT,True,1,20,13.788085200000001
2025-08-11 17:14:26.452659+00:00,2025-08-11 17:39:01.903454+00:00,73874,73906,SHORT,23736.0,23703.864165400988,127.79333839604806,TAKE_PROFIT,True,1,17,24.590846583333335
2025-08-11 17:40:21.893473+00:00,2025-08-11 18:05:28.123225+00:00,73909,73953,SHORT,23705.75,23676.66152902676,115.60388389296713,TAKE_PROFIT,True,1,17,25.1038292
2025-08-11 20:00:40.290768+00:00,2025-08-11 22:01:32.507869+00:00,74149,74172,SHORT,23635.0,23648.740839621645,-55.713358486580546,STOP_LOSS,False,0,20,120.87028501666667
2025-08-12 17:34:44.238670+00:00,2025-08-12 19:36:54.770040+00:00,75247,75345,LONG,23907.5,23937.14253708702,117.82014834808069,TAKE_PROFIT,True,1,17,122.17552283333333
2025-08-12 20:30:00.543955+00:00,2025-08-12 22:21:48.080340+00:00,75407,75421,LONG,23937.5,23927.52680995203,-40.64276019188401,STOP_LOSS,False,0,20,111.79227308333334
2025-08-13 17:33:56.870323+00:00,2025-08-13 17:55:42.721487+00:00,76323,76350,SHORT,23914.0,23926.70658287593,-51.57633150371839,STOP_LOSS,False,0,17,21.764186066666664
2025-08-14 17:00:57.337690+00:00,2025-08-14 17:40:56.477622+00:00,77464,77515,LONG,23951.75,23940.077673869786,-47.43930452085624,STOP_LOSS,False,0,17,39.98566553333333
2025-08-14 17:59:37.899618+00:00,2025-08-14 18:01:06.664425+00:00,77541,77544,LONG,23966.25,23951.548779114473,-59.554883542106836,STOP_LOSS,False,0,17,1.47941345
2025-08-14 20:01:16.175810+00:00,2025-08-15 02:10:56.679847+00:00,77716,77806,SHORT,23903.0,23920.80399112267,-71.96596449067874,STOP_LOSS,False,0,20,369.6750672833333
2025-08-15 17:58:26.546057+00:00,2025-08-15 18:03:12.353104+00:00,78699,78708,LONG,23840.5,23827.202413269373,-53.94034692250716,STOP_LOSS,False,0,17,4.763450783333334
2025-08-15 20:03:26.269064+00:00,2025-08-15 20:06:55.730617+00:00,78868,78871,SHORT,23781.0,23794.88859058532,-56.304362341281376,STOP_LOSS,False,0,20,3.4910258833333336
2025-08-18 17:30:33.638826+00:00,2025-08-18 17:39:15.877244+00:00,79702,79722,LONG,23776.75,23764.080354864986,-51.42858054005774,STOP_LOSS,False,0,17,8.703973633333334
2025-08-19 17:01:31.766359+00:00,2025-08-19 17:28:08.143953+00:00,80937,80997,SHORT,23468.0,23484.289543745017,-65.908174980068,STOP_LOSS,False,0,17,26.606293233333336
2025-08-19 17:46:27.409952+00:00,2025-08-19 17:58:04.703286+00:00,81022,81038,SHORT,23497.25,23510.362898026033,-53.20159210413112,STOP_LOSS,False,0,17,11.621555566666666
2025-08-19 20:02:01.584737+00:00,2025-08-19 22:00:05.438466+00:00,81239,81258,SHORT,23482.0,23452.542151617574,117.08139352970466,TAKE_PROFIT,True,1,20,118.06422881666667
2025-08-20 17:01:18.638506+00:00,2025-08-20 17:34:04.213446+00:00,82609,82683,LONG,23248.0,23291.124812522237,171.74925008894934,TAKE_PROFIT,True,1,17,32.759582333333334
2025-08-20 17:45:30.113355+00:00,2025-08-20 17:50:26.361447+00:00,82704,82717,LONG,23306.25,23290.440646886924,-63.98741245230485,STOP_LOSS,False,0,17,4.9374682
2025-08-21 17:10:46.316419+00:00,2025-08-21 17:22:26.054137+00:00,84288,84318,SHORT,23165.75,23125.02614063746,162.14543745016272,TAKE_PROFIT,True,1,17,11.6622953
2025-08-21 20:02:33.373174+00:00,2025-08-21 20:14:32.066328+00:00,84607,84614,SHORT,23200.0,23216.69585889512,-67.53343558048073,STOP_LOSS,False,0,20,11.978219233333334
2025-08-22 17:20:26.120646+00:00,2025-08-22 19:08:51.016609+00:00,85924,86051,LONG,23592.5,23577.68796589172,-59.99813643311791,STOP_LOSS,False,0,17,108.41493271666667
2025-08-26 17:02:03.982785+00:00,2025-08-26 17:08:03.383547+00:00,88243,88250,LONG,23542.5,23530.19973227417,-49.951070903320215,STOP_LOSS,False,0,17,5.990012699999999
2025-08-26 17:41:48.909243+00:00,2025-08-26 17:52:47.035790+00:00,88294,88308,LONG,23511.5,23501.637623174785,-40.199507300858386,STOP_LOSS,False,0,17,10.968775783333333
2025-08-26 17:54:24.116226+00:00,2025-08-26 17:57:36.723943+00:00,88312,88323,SHORT,23490.0,23499.71462586154,-39.608503446157556,STOP_LOSS,False,0,17,3.2101286166666667
2025-08-26 20:07:13.892575+00:00,2025-08-27 07:22:30.893952+00:00,88522,88629,LONG,23601.25,23588.28485293764,-52.610588249444845,STOP_LOSS,False,0,20,675.2833562833333
2025-08-27 20:21:00.214085+00:00,2025-08-27 20:29:49.747565+00:00,89599,89650,SHORT,23520.0,23575.702113304953,-223.55845321981178,STOP_LOSS,False,0,20,8.825558000000001
2025-08-27 20:33:11.877001+00:00,2025-08-27 20:36:14.844113+00:00,89662,89670,SHORT,23523.75,23550.012733792984,-105.80093517193745,STOP_LOSS,False,0,20,3.0494518666666663
2025-08-27 20:37:11.184671+00:00,2025-08-28 02:12:25.194273+00:00,89672,89776,SHORT,23530.5,23554.694220301553,-97.52688120621315,STOP_LOSS,False,0,20,335.23349336666666
2025-08-28 17:26:47.023966+00:00,2025-08-28 18:30:36.518362+00:00,90847,90911,LONG,23753.5,23782.21909356406,114.12637425624416,TAKE_PROFIT,True,1,17,63.8249066
2025-08-29 17:00:09.459138+00:00,2025-08-29 17:04:53.901288+00:00,92131,92145,SHORT,23468.75,23431.53522602471,148.10909590116353,TAKE_PROFIT,True,1,17,4.7407025
2025-08-29 17:05:58.945445+00:00,2025-08-29 17:06:56.056159+00:00,92148,92152,SHORT,23428.75,23443.451220885527,-59.554883542106836,STOP_LOSS,False,0,17,0.9518452333333334
2025-08-29 17:12:00.958929+00:00,2025-08-29 17:25:29.188090+00:00,92162,92193,SHORT,23424.0,23436.817396098686,-52.019584394744015,STOP_LOSS,False,0,17,13.470486016666666
2025-08-29 17:32:56.378329+00:00,2025-08-29 17:40:55.321728+00:00,92205,92217,SHORT,23423.75,23439.116100222058,-62.21440088823147,STOP_LOSS,False,0,17,7.982389983333333
2025-09-02 17:39:25.028205+00:00,2025-09-02 17:55:14.311916+00:00,94240,94274,LONG,23208.75,23195.489351010292,-53.79259595883195,STOP_LOSS,False,0,17,15.821395183333333
2025-09-02 20:05:00.520177+00:00,2025-09-02 20:07:28.967915+00:00,94504,94510,LONG,23278.0,23313.18319822478,139.98279289911443,TAKE_PROFIT,True,1,20,2.4741289666666666
2025-09-02 20:08:37.944307+00:00,2025-09-02 20:21:54.883079+00:00,94516,94553,LONG,23325.5,23376.935804228877,204.99321691550722,TAKE_PROFIT,True,1,20,13.282312866666667
2025-09-02 20:30:07.030965+00:00,2025-09-02 22:36:14.852156+00:00,94564,94594,LONG,23371.25,23351.34055764498,-80.38776942007826,STOP_LOSS,False,0,20,126.13035318333333
2025-09-03 17:11:07.386628+00:00,2025-09-03 17:25:07.827566+00:00,95713,95737,LONG,23444.25,23431.469541642233,-51.87183343106881,STOP_LOSS,False,0,17,14.007348966666665
2025-09-03 17:25:19.957260+00:00,2025-09-03 17:30:41.820571+00:00,95739,95750,SHORT,23421.25,23434.6953376943,-54.53135077719344,STOP_LOSS,False,0,17,5.364388516666667
2025-09-03 17:34:29.579046+00:00,2025-09-03 17:43:56.399114+00:00,95756,95776,SHORT,23416.0,23378.877570377004,147.73971849198279,TAKE_PROFIT,True,1,17,9.447001133333334
2025-09-03 17:45:07.572643+00:00,2025-09-03 17:47:55.867216+00:00,95781,95798,SHORT,23370.75,23382.607014834808,-48.17805933923228,STOP_LOSS,False,0,17,2.80490955
2025-09-03 17:56:17.070635+00:00,2025-09-03 18:40:00.024018+00:00,95819,95917,SHORT,23361.5,23318.652220534652,170.64111786139256,TAKE_PROFIT,True,1,17,43.715889716666666
2025-09-03 20:32:04.220956+00:00,2025-09-03 20:51:45.447956+00:00,96082,96087,LONG,23471.75,23457.344281041824,-58.372875832705176,STOP_LOSS,False,0,20,19.687116666666668
2025-09-04 17:04:55.557123+00:00,2025-09-04 17:12:01.895199+00:00,97098,97113,LONG,23567.25,23556.057864501723,-45.51854199310765,STOP_LOSS,False,0,17,7.1056346
2025-09-04 17:21:56.836881+00:00,2025-09-04 18:16:09.837224+00:00,97125,97189,LONG,23576.75,23605.376749211762,113.75699684704887,TAKE_PROFIT,True,1,17,54.21667238333334
2025-09-04 20:07:12.403777+00:00,2025-09-04 20:15:28.736886+00:00,97337,97349,LONG,23672.0,23659.847483237845,-49.360067048619385,STOP_LOSS,False,0,20,8.272218483333333
2025-09-04 20:15:37.229976+00:00,2025-09-04 20:18:00.567465+00:00,97350,97357,LONG,23700.0,23675.436402289262,-99.00439084295067,STOP_LOSS,False,0,20,2.38895815
2025-09-04 20:52:59.636305+00:00,2025-09-05 01:16:28.347316+00:00,97371,97414,LONG,23695.0,23736.831991590094,166.57796636037529,TAKE_PROFIT,True,1,20,263.47851685
2025-09-05 17:42:15.158940+00:00,2025-09-05 18:00:25.334963+00:00,98925,98965,SHORT,23605.0,23622.065236304305,-69.01094521721825,STOP_LOSS,False,0,17,18.169600383333332
2025-09-05 20:18:03.662213+00:00,2025-09-07 22:00:20.043482+00:00,99188,99198,SHORT,23668.75,23681.97371124879,-53.644844995156745,STOP_LOSS,False,0,20,2982.27302115
2025-09-08 17:05:51.509362+00:00,2025-09-08 17:06:56.918303+00:00,100146,100149,SHORT,23785.75,23798.530458357767,-51.87183343106881,STOP_LOSS,False,0,17,1.0901490166666667
2025-09-08 17:13:25.726865+00:00,2025-09-08 17:23:25.870112+00:00,100160,100172,SHORT,23792.5,23806.203901880726,-55.56560752290534,STOP_LOSS,False,0,17,10.002387449999999
2025-09-08 17:49:10.825431+00:00,2025-09-08 18:11:25.087477+00:00,100203,100243,SHORT,23788.0,23800.152516762155,-49.360067048619385,STOP_LOSS,False,0,17,22.237700766666666
2025-09-09 17:02:02.296311+00:00,2025-09-09 18:12:50.095913+00:00,101311,101397,LONG,23834.75,23822.671358719683,-49.06456512126897,STOP_LOSS,False,0,17,70.79666003333334
2025-09-09 20:18:16.839341+00:00,2025-09-10 03:49:25.804064+00:00,101544,101628,LONG,23882.75,23918.117886929373,140.72154771749047,TAKE_PROFIT,True,1,20,451.14941205
2025-09-10 17:17:02.054424+00:00,2025-09-10 17:23:18.365205+00:00,102521,102534,SHORT,23920.5,23892.334972549717,111.9101098011306,TAKE_PROFIT,True,1,17,6.271846350000001
2025-09-10 17:25:22.329628+00:00,2025-09-10 17:37:28.042563+00:00,102539,102565,SHORT,23891.75,23903.865579021236,-49.21231608494418,STOP_LOSS,False,0,17,12.095215583333333
2025-09-10 17:52:32.978693+00:00,2025-09-10 18:19:30.262786+00:00,102587,102626,SHORT,23895.25,23865.699807265275,117.45077093889995,TAKE_PROFIT,True,1,17,26.954734883333334
2025-09-11 17:40:49.254095+00:00,2025-09-11 17:46:00.014545+00:00,103840,103846,LONG,24032.25,24020.873175797133,-46.25729681146913,STOP_LOSS,False,0,17,5.179340833333333
2025-09-12 17:55:31.387142+00:00,2025-09-12 18:39:14.100129+00:00,104794,104838,LONG,24118.75,24138.604035743643,78.66614297457272,TAKE_PROFIT,True,1,17,43.71188311666666
2025-09-15 17:48:37.210127+00:00,2025-09-15 18:42:15.594164+00:00,105468,105498,LONG,24271.75,24258.267724564783,-54.679101740868646,STOP_LOSS,False,0,17,53.63973395
2025-09-22 17:32:54.325636+00:00,2025-09-22 17:33:36.653050+00:00,107245,107247,LONG,24995.25,24985.27680995203,-40.64276019188401,STOP_LOSS,False,0,17,0.7054568999999999
2025-09-22 17:44:09.992566+00:00,2025-09-22 17:58:05.146115+00:00,107258,107273,LONG,24996.0,24984.9556154654,-44.92753813840682,STOP_LOSS,False,0,17,13.919225816666666
2025-09-23 17:03:55.762832+00:00,2025-09-23 17:06:45.902234+00:00,108191,108199,SHORT,24913.25,24925.919645135014,-51.42858054005774,STOP_LOSS,False,0,17,2.8356567
2025-09-23 17:20:34.124609+00:00,2025-09-23 17:23:19.868252+00:00,108221,108228,SHORT,24898.75,24909.09256745715,-42.12026982860698,STOP_LOSS,False,0,17,2.7623940499999997
2025-09-23 17:25:38.214504+00:00,2025-09-23 17:28:37.674552+00:00,108234,108250,SHORT,24896.0,24869.220137834156,106.3694486633758,TAKE_PROFIT,True,1,17,2.9910008
2025-09-23 17:30:03.972969+00:00,2025-09-23 17:32:22.908515+00:00,108255,108264,SHORT,24862.75,24873.7943845346,-44.92753813840682,STOP_LOSS,False,0,17,2.3155924333333333
2025-09-23 17:35:14.279522+00:00,2025-09-23 17:39:45.617522+00:00,108272,108296,SHORT,24860.0,24821.861782501746,151.8028699930146,TAKE_PROFIT,True,1,17,4.5223
2025-09-23 17:40:33.359220+00:00,2025-09-23 17:41:53.368525+00:00,108301,108312,SHORT,24817.0,24786.526363742316,121.14454503073648,TAKE_PROFIT,True,1,17,1.3334884166666667
2025-09-25 17:20:36.587287+00:00,2025-09-25 17:36:32.423313+00:00,111113,111164,SHORT,24600.5,24560.69958416042,158.4516633583262,TAKE_PROFIT,True,1,17,15.930600433333332
2025-09-25 17:41:30.389852+00:00,2025-09-25 17:58:50.685046+00:00,111177,111217,SHORT,24554.75,24516.51943814945,152.17224740219535,TAKE_PROFIT,True,1,17,17.338253233333333
2025-09-26 17:10:53.144621+00:00,2025-09-26 17:46:48.751297+00:00,112855,112902,LONG,24703.75,24690.009160378355,-55.713358486580546,STOP_LOSS,False,0,17,35.926777933333334
2025-09-26 20:14:54.712423+00:00,2025-09-26 20:52:12.849849+00:00,113100,113108,LONG,24745.0,24733.697051278967,-45.96179488413327,STOP_LOSS,False,0,20,37.30229043333333
2025-09-29 17:02:10.556016+00:00,2025-09-29 17:07:25.930704+00:00,114040,114058,SHORT,24820.0,24832.004765798483,-48.76906319393311,STOP_LOSS,False,0,17,5.2562448
2025-09-29 17:31:18.895641+00:00,2025-09-29 17:52:29.853639+00:00,114091,114115,SHORT,24825.75,24840.968349258383,-61.62339703353064,STOP_LOSS,False,0,17,21.182633300000003
2025-09-29 20:04:29.059033+00:00,2025-09-29 20:51:25.825489+00:00,114311,114324,SHORT,24836.5,24808.334972549717,111.9101098011306,TAKE_PROFIT,True,1,20,46.9461076
2025-09-30 17:00:25.097754+00:00,2025-09-30 17:24:44.950858+00:00,115337,115376,SHORT,24772.75,24736.089292138484,145.89283144606452,TAKE_PROFIT,True,1,17,24.330885066666667
2025-09-30 17:27:43.753519+00:00,2025-09-30 17:29:42.669716+00:00,115381,115385,SHORT,24735.75,24749.15839995338,-54.38359981351823,STOP_LOSS,False,0,17,1.9819366166666665
2025-09-30 17:31:05.945056+00:00,2025-09-30 17:35:07.384518+00:00,115389,115396,SHORT,24736.75,24751.229594440014,-58.66837776005559,STOP_LOSS,False,0,17,4.023991033333333
2025-09-30 17:59:14.032902+00:00,2025-09-30 18:09:07.774826+00:00,115442,115457,SHORT,24769.75,24784.11878121726,-58.22512486904452,STOP_LOSS,False,0,17,9.895698733333335
2025-10-01 17:01:42.239326+00:00,2025-10-01 17:17:01.431042+00:00,116708,116736,LONG,24958.0,24983.117663824516,99.72065529806423,TAKE_PROFIT,True,1,17,15.319861933333334
2025-10-01 17:26:42.636784+00:00,2025-10-01 17:31:05.236969+00:00,116746,116754,LONG,24984.25,24973.83355706101,-42.415771755957394,STOP_LOSS,False,0,17,4.3766697500000005
2025-10-01 17:59:43.449307+00:00,2025-10-01 18:15:58.738057+00:00,116782,116816,LONG,24983.25,25014.462391076053,124.09956430421153,TAKE_PROFIT,True,1,17,16.2548125
2025-10-02 17:13:04.697025+00:00,2025-10-02 17:55:18.102693+00:00,117999,118052,LONG,25079.25,25081.0,6.25,Delta trend bearish + Strong selling (-45.9%) + Sellers control (0.37),True,1,17,42.223427799999996
2025-10-03 17:00:16.955287+00:00,2025-10-03 17:02:46.272334+00:00,119028,119040,SHORT,25103.25,25070.929476696398,128.53209321440954,TAKE_PROFIT,True,1,17,2.48861745
2025-10-03 17:03:03.483125+00:00,2025-10-03 17:05:46.300963+00:00,119042,119064,SHORT,25061.5,25026.870867888996,137.76652844401542,TAKE_PROFIT,True,1,17,2.713630633333333
2025-10-03 17:06:50.440556+00:00,2025-10-03 17:07:06.288754+00:00,119071,119073,SHORT,25023.25,25039.539543745017,-65.908174980068,STOP_LOSS,False,0,17,0.2641366333333333
2025-10-03 17:15:46.269202+00:00,2025-10-03 17:21:50.032129+00:00,119107,119126,SHORT,25066.75,25031.197424366037,141.46030253585195,TAKE_PROFIT,True,1,17,6.06271545
2025-10-03 17:25:39.761261+00:00,2025-10-03 17:32:31.304187+00:00,119138,119160,SHORT,25029.25,25044.911602149405,-63.396408597618574,STOP_LOSS,False,0,17,6.859048766666667
2025-10-03 17:41:28.182050+00:00,2025-10-03 17:50:51.970287+00:00,119183,119223,SHORT,25015.25,24971.848154420873,172.85738231650612,TAKE_PROFIT,True,1,17,9.396470616666667
2025-10-03 17:51:42.797296+00:00,2025-10-03 17:56:17.801094+00:00,119228,119263,SHORT,24955.75,24971.30078892665,-62.95315570659295,STOP_LOSS,False,0,17,4.583396633333334
2025-10-06 17:19:21.585932+00:00,2025-10-06 17:26:16.462736+00:00,120433,120447,LONG,25199.75,25229.300192734725,117.45077093889995,TAKE_PROFIT,True,1,17,6.9146133999999995
2025-10-07 17:05:19.935023+00:00,2025-10-07 17:10:28.420509+00:00,121790,121799,SHORT,25032.25,25050.238679827264,-72.70471930905478,STOP_LOSS,False,0,17,5.141424766666666
2025-10-07 17:25:35.781207+00:00,2025-10-07 18:00:45.363379+00:00,121827,121881,SHORT,25044.75,25003.28738581909,165.10045672363776,TAKE_PROFIT,True,1,17,35.15970286666666
2025-10-08 17:00:19.730907+00:00,2025-10-08 17:11:14.672293+00:00,122894,122905,LONG,25252.25,25243.23719121591,-36.80123513635772,STOP_LOSS,False,0,17,10.915689766666667
2025-10-08 17:14:06.923351+00:00,2025-10-08 17:34:14.596650+00:00,122908,122930,LONG,25247.75,25271.020776778594,92.33310711437662,TAKE_PROFIT,True,1,17,20.127888316666667
2025-10-08 17:48:55.593332+00:00,2025-10-08 17:53:11.919039+00:00,122945,122952,LONG,25281.25,25269.873175797133,-46.25729681146913,STOP_LOSS,False,0,17,4.272095116666667
2025-10-08 20:21:02.640198+00:00,2025-10-08 22:56:08.579831+00:00,123144,123171,LONG,25343.75,25368.313597710738,97.50439084295067,TAKE_PROFIT,True,1,20,155.09899388333332
2025-10-09 17:03:04.068173+00:00,2025-10-09 17:07:58.300756+00:00,124157,124171,SHORT,25200.75,25217.66748534063,-68.41994136251742,STOP_LOSS,False,0,17,4.9038763833333325
2025-10-09 17:13:57.398080+00:00,2025-10-09 17:50:51.244350+00:00,124187,124285,SHORT,25199.5,25216.34360985879,-68.124439435167,STOP_LOSS,False,0,17,36.897437833333335
2025-10-10 17:00:08.792708+00:00,2025-10-10 17:00:34.352425+00:00,126293,126296,SHORT,24641.25,24662.78470295543,-86.88881182171463,STOP_LOSS,False,0,17,0.4259952833333333
2025-10-10 17:02:53.403038+00:00,2025-10-10 17:11:44.883398+00:00,126309,126352,SHORT,24627.75,24648.10269524604,-82.1607809841662,STOP_LOSS,False,0,17,8.858006
2025-10-10 17:14:09.237253+00:00,2025-10-10 17:14:24.898266+00:00,126367,126369,SHORT,24605.75,24626.39819717339,-83.3427886935533,STOP_LOSS,False,0,17,0.26101688333333334
2025-10-10 17:23:16.801940+00:00,2025-10-10 17:37:04.745278+00:00,126411,126473,LONG,24683.5,24740.753498423528,228.2639936941123,TAKE_PROFIT,True,1,17,13.799055633333333
2025-10-10 20:50:05.570064+00:00,2025-10-10 20:50:15.124608+00:00,127085,127087,SHORT,24404.25,24346.350091110402,230.84963555839204,TAKE_PROFIT,True,1,20,0.1592424
2025-10-10 20:50:21.900488+00:00,2025-10-10 20:52:03.687875+00:00,127088,127097,SHORT,24319.75,24233.500374955525,344.2485001778987,TAKE_PROFIT,True,1,20,1.69645645
2025-10-13 17:03:27.529936+00:00,2025-10-13 17:10:12.710941+00:00,128863,128872,LONG,24957.25,24945.46686064703,-47.88255741188186,STOP_LOSS,False,0,17,6.7530167500000005
2025-10-13 17:23:45.044056+00:00,2025-10-13 17:25:00.023727+00:00,128905,128908,LONG,24924.5,24909.90959233723,-59.111630651081214,STOP_LOSS,False,0,17,1.2496611833333333
2025-10-13 17:42:47.474647+00:00,2025-10-13 17:44:06.177409+00:00,128939,128941,LONG,24907.0,24892.778969746414,-57.63412101434369,STOP_LOSS,False,0,17,1.3117127000000002
2025-10-13 17:53:28.133651+00:00,2025-10-13 17:56:23.015466+00:00,128955,128962,LONG,24910.25,24895.88121878274,-58.22512486904452,STOP_LOSS,False,0,17,2.9146969166666663
2025-10-14 17:04:53.490745+00:00,2025-10-14 17:25:48.488706+00:00,131179,131228,LONG,24897.25,24936.311661021213,155.49664408485114,TAKE_PROFIT,True,1,17,20.916632683333333
2025-10-14 17:32:26.560230+00:00,2025-10-14 17:51:26.454461+00:00,131242,131287,SHORT,24917.5,24933.7526060041,-65.76042401639279,STOP_LOSS,False,0,17,18.998237183333334
2025-10-14 20:48:37.870233+00:00,2025-10-14 22:01:02.324578+00:00,131699,131704,LONG,24747.75,24791.613567340606,174.70426936242438,TAKE_PROFIT,True,1,20,72.40757241666667
2025-10-15 17:00:08.302949+00:00,2025-10-15 17:00:43.977387+00:00,133217,133225,SHORT,24891.5,24844.866102090513,185.78559163794853,TAKE_PROFIT,True,1,17,0.5945739666666667
2025-10-15 17:00:56.467822+00:00,2025-10-15 17:02:13.767032+00:00,133227,133236,SHORT,24836.5,24857.406761359816,-84.3770454392652,STOP_LOSS,False,0,17,1.2883201666666666
2025-10-15 17:05:37.627651+00:00,2025-10-15 17:06:16.762256+00:00,133255,133259,SHORT,24821.0,24840.94638009594,-80.53552038375346,STOP_LOSS,False,0,17,0.6522434166666666
2025-10-15 17:08:07.988213+00:00,2025-10-15 17:10:28.151584+00:00,133267,133287,SHORT,24816.25,24768.230936806074,191.32625277570332,TAKE_PROFIT,True,1,17,2.3360561833333335
2025-10-15 17:11:09.022701+00:00,2025-10-15 17:14:54.105672+00:00,133293,133328,SHORT,24749.75,24706.071121363988,173.96551454404835,TAKE_PROFIT,True,1,17,3.7513828499999997
2025-10-15 17:15:03.067015+00:00,2025-10-15 17:16:58.742125+00:00,133330,133356,SHORT,24697.0,24714.656240158998,-71.37496063599247,STOP_LOSS,False,0,17,1.9279185
2025-10-15 17:28:29.947746+00:00,2025-10-15 17:30:35.315701+00:00,133439,133449,SHORT,24737.0,24758.941018105532,-88.51407242212736,STOP_LOSS,False,0,17,2.0894659166666667
2025-10-15 20:15:00.661480+00:00,2025-10-15 20:27:14.094586+00:00,133901,133908,LONG,24942.75,24925.426199509267,-70.04520196293015,STOP_LOSS,False,0,20,12.223885099999999
2025-10-16 17:03:42.851775+00:00,2025-10-16 17:04:35.631925+00:00,135847,135854,SHORT,24856.5,24877.222072655226,-83.63829062090372,STOP_LOSS,False,0,17,0.8796691666666666
2025-10-16 17:06:08.322362+00:00,2025-10-16 17:07:22.618953+00:00,135863,135873,SHORT,24838.25,24862.665846747066,-98.41338698826439,STOP_LOSS,False,0,17,1.2382765166666667
2025-10-16 17:21:09.824790+00:00,2025-10-16 17:27:58.368148+00:00,135961,135987,SHORT,24896.0,24921.782543161047,-103.88017264418886,STOP_LOSS,False,0,17,6.809055966666667
2025-10-16 17:53:25.875215+00:00,2025-10-16 17:55:12.869626+00:00,136077,136084,SHORT,24834.0,24853.613940427673,-79.20576171069115,STOP_LOSS,False,0,17,1.7832401833333333
2025-10-16 20:11:41.484342+00:00,2025-10-16 20:53:40.238241+00:00,136673,136701,SHORT,24775.75,24793.701742086345,-72.55696834537957,STOP_LOSS,False,0,20,41.979231649999996
2025-10-17 17:33:37.325336+00:00,2025-10-17 17:41:23.267025+00:00,139217,139240,LONG,24889.5,24869.75,-79.75,Delta trend bearish + Strong selling (-41.6%) + Sellers control (0.41),False,0,17,7.765694816666667
2025-10-17 17:48:24.606677+00:00,2025-10-17 17:51:00.023349+00:00,139262,139272,LONG,24861.75,24912.631738115102,202.7769524604082,TAKE_PROFIT,True,1,17,2.590277866666667
2025-10-17 17:52:17.723208+00:00,2025-10-17 18:07:26.684598+00:00,139276,139324,LONG,24919.25,24968.56188412607,196.49753650427738,TAKE_PROFIT,True,1,17,15.149356500000001
2025-10-17 20:21:15.144712+00:00,2025-10-19 22:00:01.494110+00:00,139589,139604,LONG,25020.25,25061.43558112402,163.99232449608098,TAKE_PROFIT,True,1,20,2978.7724899666664
2025-10-20 17:01:18.921331+00:00,2025-10-20 17:19:06.792932+00:00,140677,140701,LONG,25320.25,25349.89253708702,117.82014834808069,TAKE_PROFIT,True,1,17,17.797860016666668
2025-10-20 17:42:19.692248+00:00,2025-10-20 17:55:13.688897+00:00,140724,140737,LONG,25348.75,25339.07231187938,-39.46075248248235,STOP_LOSS,False,0,17,12.899944150000001
2025-10-21 17:01:05.126754+00:00,2025-10-21 17:07:36.851462+00:00,141978,142005,SHORT,25268.25,25285.056672117873,-67.9766884714918,STOP_LOSS,False,0,17,6.5287451333333335
2025-10-21 17:19:15.708208+00:00,2025-10-21 17:20:37.345548+00:00,142035,142039,SHORT,25270.75,25284.89715477175,-57.338619086993276,STOP_LOSS,False,0,17,1.3606223333333332
2025-10-21 17:21:19.071246+00:00,2025-10-21 17:24:38.941040+00:00,142041,142050,SHORT,25268.0,25284.17873052226,-65.46492208904237,STOP_LOSS,False,0,17,3.3311632333333336
2025-10-21 20:01:02.506268+00:00,2025-10-22 00:41:07.008534+00:00,142244,142342,SHORT,25270.0,25226.690498773172,172.48800490731082,TAKE_PROFIT,True,1,20,280.07503776666664
2025-10-22 17:02:01.932692+00:00,2025-10-22 17:16:11.536423+00:00,143799,143859,SHORT,24975.5,24916.584303235144,234.91278705942386,TAKE_PROFIT,True,1,17,14.160062183333334
2025-10-22 17:20:34.362556+00:00,2025-10-22 17:33:41.522037+00:00,143878,143925,SHORT,24900.25,24919.23599883206,-76.69399532824173,STOP_LOSS,False,0,17,13.119324683333334
2025-10-22 17:37:08.213933+00:00,2025-10-22 17:41:38.774275+00:00,143937,143956,SHORT,24892.5,24844.757969862963,190.21812054814654,TAKE_PROFIT,True,1,17,4.509339033333333
2025-10-22 17:41:54.293187+00:00,2025-10-22 17:45:13.042403+00:00,143958,143973,SHORT,24827.5,24844.89767597257,-70.34070389028057,STOP_LOSS,False,0,17,3.312486933333333
2025-10-22 17:50:17.085042+00:00,2025-10-22 18:00:01.212803+00:00,143994,144028,SHORT,24852.25,24872.82432169155,-83.04728676620289,STOP_LOSS,False,0,17,9.735462683333333
2025-10-23 17:00:02.918610+00:00,2025-10-23 17:07:56.281254+00:00,145616,145628,LONG,25238.5,25228.489872211114,-40.790511155544664,STOP_LOSS,False,0,17,7.8893774
2025-10-23 17:09:28.525056+00:00,2025-10-23 17:55:09.760657+00:00,145645,145739,LONG,25215.25,25280.352768368688,259.6610734747519,TAKE_PROFIT,True,1,17,45.68726001666666
2025-10-23 20:32:27.303504+00:00,2025-10-23 20:50:55.250342+00:00,145918,145926,LONG,25286.25,25271.88121878274,-58.22512486904452,STOP_LOSS,False,0,20,18.465780633333335
2025-10-24 17:24:35.128921+00:00,2025-10-24 18:03:26.524315+00:00,146930,146967,LONG,25552.5,25540.23667001509,-49.80331993964501,STOP_LOSS,False,0,17,38.8565899
2025-10-27 17:37:51.231280+00:00,2025-10-27 18:43:17.849642+00:00,147936,147986,LONG,25912.25,25936.721253358442,97.13501343376993,TAKE_PROFIT,True,1,17,65.44363936666667
2025-10-27 20:15:00.569290+00:00,2025-10-27 20:44:24.743440+00:00,148096,148109,LONG,25973.75,26003.8542588485,119.66703539399896,TAKE_PROFIT,True,1,20,29.4029025
2025-10-27 20:55:00.202925+00:00,2025-10-27 22:01:01.705923+00:00,148113,148116,LONG,26010.25,25994.69921107335,-62.95315570659295,STOP_LOSS,False,0,20,66.02504996666667
2025-10-28 17:01:27.289598+00:00,2025-10-28 17:10:18.507026+00:00,148902,148912,LONG,26123.25,26110.617292605904,-51.28082957638253,STOP_LOSS,False,0,17,8.853623800000001
2025-10-28 17:17:12.056195+00:00,2025-10-28 17:19:25.558271+00:00,148929,148935,LONG,26134.0,26119.778969746414,-57.63412101434369,STOP_LOSS,False,0,17,2.2250346
2025-10-28 17:35:54.979999+00:00,2025-10-28 17:47:17.449261+00:00,148953,148968,LONG,26149.5,26137.125856792336,-50.24657283065608,STOP_LOSS,False,0,17,11.3744877
2025-10-28 17:50:48.699536+00:00,2025-10-28 17:55:29.480146+00:00,148973,148980,LONG,26158.25,26146.42992290611,-48.03030837555707,STOP_LOSS,False,0,17,4.679676833333334
2025-10-29 17:23:13.311434+00:00,2025-10-29 17:43:10.515944+00:00,150101,150125,SHORT,26239.0,26251.52189417134,-50.83757668535691,STOP_LOSS,False,0,17,19.953408500000002
2025-10-29 17:45:19.766329+00:00,2025-10-29 17:52:24.949537+00:00,150127,150133,SHORT,26250.5,26263.132707394096,-51.28082957638253,STOP_LOSS,False,0,17,7.0863868
2025-10-29 20:00:12.531822+00:00,2025-10-29 20:02:19.202013+00:00,150792,150812,LONG,26303.0,26374.936250438594,286.99500175437424,TAKE_PROFIT,True,1,20,2.11116985
2025-10-29 20:04:46.871955+00:00,2025-10-29 20:05:15.012941+00:00,150841,150846,LONG,26336.75,26289.876006774546,-188.24597290181555,STOP_LOSS,False,0,20,0.46901643333333337
2025-10-30 17:03:12.163941+00:00,2025-10-30 17:13:10.700577+00:00,152661,152687,SHORT,26038.5,26000.454126854045,151.43349258381932,TAKE_PROFIT,True,1,17,9.975610600000001
2025-10-30 17:20:35.275673+00:00,2025-10-30 17:22:44.705140+00:00,152701,152706,SHORT,26014.75,26032.886430790935,-73.29572316374106,STOP_LOSS,False,0,17,2.157157783333333
2025-10-30 17:31:57.913450+00:00,2025-10-30 17:45:08.552682+00:00,152728,152750,SHORT,26037.25,26052.209785071955,-60.589140287818736,STOP_LOSS,False,0,17,13.177320533333333
2025-10-30 17:50:46.041830+00:00,2025-10-30 17:53:53.962957+00:00,152760,152765,SHORT,26055.75,26071.07916248114,-62.06664992455626,STOP_LOSS,False,0,17,3.1320187833333337
2025-10-30 20:00:00.077632+00:00,2025-10-30 20:00:28.365764+00:00,153073,153079,SHORT,25870.5,25886.789543745017,-65.908174980068,STOP_LOSS,False,0,20,0.4714688666666667
2025-10-30 20:40:02.687977+00:00,2025-10-30 22:00:00.386335+00:00,153206,153238,LONG,26090.5,26154.771669198024,256.3366767920961,TAKE_PROFIT,True,1,20,79.96163929999999
2025-10-31 17:04:12.359349+00:00,2025-10-31 17:32:35.366735+00:00,154486,154585,SHORT,25932.75,25951.25580820012,-74.77323280047858,STOP_LOSS,False,0,17,28.383456433333333
2025-10-31 17:36:12.968542+00:00,2025-10-31 17:43:41.973202+00:00,154597,154622,SHORT,25915.5,25933.193177899917,-71.52271159966767,STOP_LOSS,False,0,17,7.483411
2025-11-03 17:01:33.029229+00:00,2025-11-03 17:08:44.907377+00:00,156006,156020,SHORT,26095.0,26110.29222474022,-61.91889896088105,STOP_LOSS,False,0,17,7.197969133333333
2025-11-03 17:10:15.740499+00:00,2025-11-03 17:25:37.494889+00:00,156023,156056,LONG,26120.0,26105.85284522825,-57.338619086993276,STOP_LOSS,False,0,17,15.362573166666666
2025-11-03 17:26:10.185428+00:00,2025-11-03 17:32:03.613636+00:00,156058,156072,SHORT,26100.25,26113.6953376943,-54.53135077719344,STOP_LOSS,False,0,17,5.890470133333333
2025-11-03 17:35:19.786765+00:00,2025-11-03 19:02:05.329846+00:00,156079,156189,LONG,26137.0,26123.33303586019,-55.41785655924468,STOP_LOSS,False,0,17,86.75905135
2025-11-03 20:25:14.165727+00:00,2025-11-03 20:29:10.247150+00:00,156323,156327,SHORT,26088.75,26104.92873052226,-65.46492208904237,STOP_LOSS,False,0,20,3.9346903833333333
2025-11-03 20:31:14.568545+00:00,2025-11-03 20:40:53.687054+00:00,156330,156346,SHORT,26089.5,26103.942656699095,-58.520626796380384,STOP_LOSS,False,0,20,9.65197515
2025-11-03 20:47:28.101110+00:00,2025-11-03 20:59:15.625349+00:00,156355,156377,SHORT,26090.0,26104.738158626442,-59.70263450576749,STOP_LOSS,False,0,20,11.79207065
2025-11-04 17:06:54.867925+00:00,2025-11-04 17:19:11.417361+00:00,157803,157836,SHORT,25717.25,25674.771597943836,169.16360822465504,TAKE_PROFIT,True,1,17,12.275823933333333
2025-11-04 17:19:15.939645+00:00,2025-11-04 17:23:02.708371+00:00,157837,157859,SHORT,25669.25,25684.911602149405,-63.396408597618574,STOP_LOSS,False,0,17,3.7794787666666663
2025-11-04 17:40:28.056095+00:00,2025-11-04 17:47:01.043744+00:00,157912,157931,SHORT,25677.0,25694.61930241808,-71.22720967231726,STOP_LOSS,False,0,17,6.549794149999999
2025-11-04 17:53:41.246580+00:00,2025-11-04 18:07:48.662685+00:00,157951,157985,SHORT,25693.0,25652.55317369435,161.03730522260594,TAKE_PROFIT,True,1,17,14.12360175
2025-11-04 20:10:10.306365+00:00,2025-11-04 20:13:36.645240+00:00,158301,158307,SHORT,25601.5,25620.70762527757,-77.58050111027842,STOP_LOSS,False,0,20,3.43898125
2025-11-04 20:20:13.165931+00:00,2025-11-04 20:36:52.098479+00:00,158323,158360,SHORT,25610.25,25629.051310127466,-75.95524050986569,STOP_LOSS,False,0,20,16.6488758
2025-11-04 20:54:40.521595+00:00,2025-11-04 20:59:56.020086+00:00,158407,158430,SHORT,25563.0,25579.548107931445,-66.9424317257799,STOP_LOSS,False,0,20,5.258308183333333
2025-11-05 17:20:53.428236+00:00,2025-11-05 17:37:21.354377+00:00,159968,159995,LONG,25780.0,25818.969316668918,155.1272666756704,TAKE_PROFIT,True,1,17,16.465435683333332
2025-11-05 17:45:00.478829+00:00,2025-11-05 17:47:10.542647+00:00,160005,160009,LONG,25825.75,25814.15154935162,-47.14380259352038,STOP_LOSS,False,0,17,2.1677303
2025-11-05 20:20:31.604597+00:00,2025-11-05 20:31:53.822674+00:00,160188,160207,SHORT,25847.75,25818.292151617574,117.08139352970466,TAKE_PROFIT,True,1,20,11.370301283333333
2025-11-05 20:34:40.611639+00:00,2025-11-05 20:41:03.408588+00:00,160211,160223,SHORT,25817.25,25829.73495643042,-50.6898257216817,STOP_LOSS,False,0,20,6.37994915
2025-11-05 20:47:05.096680+00:00,2025-11-05 20:57:15.541913+00:00,160235,160268,SHORT,25797.0,25759.415848615525,149.58660553790105,TAKE_PROFIT,True,1,20,10.174087216666667
2025-11-06 17:07:32.622266+00:00,2025-11-06 17:09:27.651990+00:00,161900,161909,SHORT,25248.25,25270.70814647839,-90.58258591356571,STOP_LOSS,False,0,17,1.9171620666666667
2025-11-06 17:11:26.577374+00:00,2025-11-06 17:12:48.245443+00:00,161920,161927,LONG,25301.0,25280.831993458552,-81.42202616579016,STOP_LOSS,False,0,17,1.3611344833333334
2025-11-06 17:13:39.281474+00:00,2025-11-06 17:18:12.471479+00:00,161930,161950,SHORT,25273.75,25271.25,9.25,Delta trend bullish + Strong buying (36.8%) + Buyers control (2.16),True,1,17,4.55316675
2025-11-06 17:21:22.224374+00:00,2025-11-06 17:32:13.221610+00:00,161962,162004,SHORT,25231.0,25251.168006541448,-81.42202616579016,STOP_LOSS,False,0,17,10.849953933333333
2025-11-06 17:32:25.712633+00:00,2025-11-06 17:46:11.651459+00:00,162005,162052,LONG,25262.0,25318.607087957454,225.67835182981798,TAKE_PROFIT,True,1,17,13.765647099999999
2025-11-06 20:01:18.751337+00:00,2025-11-06 20:08:26.618504+00:00,162466,162481,SHORT,25392.0,25410.727434645632,-75.65973858252983,STOP_LOSS,False,0,20,7.13111945
2025-11-06 20:12:57.702722+00:00,2025-11-06 20:42:48.079630+00:00,162490,162569,SHORT,25381.0,25315.158476812943,262.61609274822695,TAKE_PROFIT,True,1,20,29.839615133333332
2025-11-06 20:45:05.015741+00:00,2025-11-06 20:50:00.906153+00:00,162578,162600,SHORT,25302.75,25260.086909239242,169.90236304303107,TAKE_PROFIT,True,1,20,4.931506866666667
2025-11-06 20:54:41.268105+00:00,2025-11-06 21:08:38.922327+00:00,162619,162666,SHORT,25254.75,25276.91264455104,-89.40057820416405,STOP_LOSS,False,0,20,13.9609037
2025-11-07 17:06:43.535840+00:00,2025-11-07 17:11:56.572439+00:00,164493,164511,SHORT,24721.75,24740.366621422876,-75.2164856915042,STOP_LOSS,False,0,17,5.2172766500000005
2025-11-07 17:20:54.585483+00:00,2025-11-07 17:26:30.866219+00:00,164544,164570,LONG,24808.75,24861.201592104135,209.05636841653904,TAKE_PROFIT,True,1,17,5.604678933333333
2025-11-07 17:54:38.235072+00:00,2025-11-07 17:55:12.118585+00:00,164678,164680,SHORT,24782.5,24804.441018105532,-88.51407242212736,STOP_LOSS,False,0,17,0.5647252166666666
2025-11-07 20:02:48.174308+00:00,2025-11-07 20:03:11.995184+00:00,165097,165099,LONG,25117.0,25097.718499240593,-77.87600303762883,STOP_LOSS,False,0,20,0.3970146
2025-11-07 20:55:11.889088+00:00,2025-11-07 21:02:10.481935+00:00,165294,165328,LONG,25134.0,25189.683644434495,221.98457773798145,TAKE_PROFIT,True,1,20,6.97654745
2025-11-10 17:01:11.950274+00:00,2025-11-10 17:06:10.599985+00:00,166596,166618,LONG,25534.5,25567.651622474266,131.85648989706533,TAKE_PROFIT,True,1,17,4.977495183333334
2025-11-10 17:11:43.394547+00:00,2025-11-10 17:12:13.512862+00:00,166638,166641,SHORT,25527.0,25541.922847331036,-60.44138932414353,STOP_LOSS,False,0,17,0.5019719166666666
2025-11-10 17:13:56.344334+00:00,2025-11-10 17:19:51.074742+00:00,166646,166666,SHORT,25526.25,25542.24404181767,-64.72616727068089,STOP_LOSS,False,0,17,5.912173466666667
2025-11-10 17:21:06.314700+00:00,2025-11-10 17:38:40.588230+00:00,166669,166710,LONG,25544.75,25587.320746408463,169.53298563385033,TAKE_PROFIT,True,1,17,17.5712255
2025-11-10 17:40:13.684251+00:00,2025-11-10 17:51:39.077231+00:00,166713,166742,LONG,25591.0,25625.53678775871,137.39715103483468,TAKE_PROFIT,True,1,17,11.423216333333333
2025-11-10 17:55:37.352984+00:00,2025-11-10 18:36:53.021591+00:00,166751,166821,LONG,25639.75,25673.732721644934,135.18088657973567,TAKE_PROFIT,True,1,17,41.26114345
2025-11-10 20:00:05.593371+00:00,2025-11-10 20:39:16.625019+00:00,166949,167012,LONG,25706.5,25735.21909356406,114.12637425624416,TAKE_PROFIT,True,1,20,39.183860800000005
2025-11-10 20:46:29.804443+00:00,2025-11-10 20:55:22.513618+00:00,167024,167053,LONG,25740.0,25727.330354864986,-51.42858054005774,STOP_LOSS,False,0,20,8.87848625
2025-11-11 17:49:44.998688+00:00,2025-11-11 18:01:36.756381+00:00,168363,168393,LONG,25597.0,25637.26213760106,160.29855040424445,TAKE_PROFIT,True,1,17,11.862628216666668
2025-11-11 20:13:01.063461+00:00,2025-11-11 20:17:05.764387+00:00,168618,168622,LONG,25680.25,25665.105526223455,-61.32789510618022,STOP_LOSS,False,0,20,4.078348766666667
2025-11-12 17:10:06.550556+00:00,2025-11-12 17:12:03.544559+00:00,169919,169926,SHORT,25529.5,25549.63106880053,-81.27427520211495,STOP_LOSS,False,0,17,1.94990005
2025-11-12 17:17:21.719912+00:00,2025-11-12 17:21:51.310591+00:00,169943,169958,SHORT,25535.75,25554.588247868385,-76.1029914735409,STOP_LOSS,False,0,17,4.493177983333334
2025-11-12 20:06:30.073150+00:00,2025-11-12 20:07:42.381474+00:00,170318,170322,SHORT,25549.25,25566.09360985879,-68.124439435167,STOP_LOSS,False,0,20,1.2051387333333332
2025-11-12 20:32:39.421991+00:00,2025-11-12 20:37:57.336217+00:00,170365,170379,LONG,25626.25,25610.69921107335,-62.95315570659295,STOP_LOSS,False,0,20,5.298570433333333
2025-11-12 20:50:00.049472+00:00,2025-11-12 20:55:57.767722+00:00,170401,170423,LONG,25630.5,25613.323950472943,-69.45419810822932,STOP_LOSS,False,0,20,5.961970833333334
2025-11-13 17:02:41.032287+00:00,2025-11-13 17:03:49.460970+00:00,172136,172141,SHORT,25176.5,25200.398718374207,-96.34487349682604,STOP_LOSS,False,0,17,1.14047805
2025-11-13 17:09:11.995681+00:00,2025-11-13 17:11:14.849143+00:00,172166,172179,SHORT,25203.75,25155.63859245378,191.69563018488407,TAKE_PROFIT,True,1,17,2.0475577
2025-11-13 17:37:48.647966+00:00,2025-11-13 17:39:12.148821+00:00,172287,172293,SHORT,25205.5,25226.960827473595,-86.59330989437876,STOP_LOSS,False,0,17,1.3916809166666666
2025-11-13 17:41:43.296039+00:00,2025-11-13 17:46:25.123302+00:00,172303,172326,SHORT,25204.0,25147.854633804025,223.83146478389972,TAKE_PROFIT,True,1,17,4.697121050000001
2025-11-13 17:55:13.002034+00:00,2025-11-13 18:25:07.954006+00:00,172365,172478,SHORT,25146.75,25090.789322508615,223.09270996553823,TAKE_PROFIT,True,1,17,29.9158662
2025-11-13 20:17:55.000104+00:00,2025-11-13 20:29:20.497793+00:00,172913,172949,SHORT,25043.75,25066.540586146657,-91.91234458662802,STOP_LOSS,False,0,20,11.424961483333334
2025-11-13 20:35:26.468786+00:00,2025-11-13 20:50:01.197991+00:00,172970,173022,LONG,25105.5,25085.184242494877,-82.01303002049099,STOP_LOSS,False,0,20,14.578820083333333
2025-11-14 17:00:49.413143+00:00,2025-11-14 17:01:27.189661+00:00,175137,175140,SHORT,25224.25,25243.309874313898,-76.98949725559214,STOP_LOSS,False,0,17,0.6296086333333334
2025-11-14 17:10:03.587455+00:00,2025-11-14 17:15:53.311600+00:00,175167,175190,LONG,25276.5,25255.260798971918,-85.70680411232752,STOP_LOSS,False,0,17,5.828735750000001
2025-11-14 17:17:31.043232+00:00,2025-11-14 17:32:53.199637+00:00,175196,175244,SHORT,25269.25,25224.647677841025,177.65928863589943,TAKE_PROFIT,True,1,17,15.369273416666665
2025-11-14 17:41:52.410030+00:00,2025-11-14 17:50:00.013027+00:00,175273,175300,SHORT,25248.25,25199.58452634,193.91189463999763,TAKE_PROFIT,True,1,17,8.126716616666666
2025-11-14 17:56:34.425658+00:00,2025-11-14 18:03:30.237456+00:00,175334,175363,SHORT,25199.0,25148.487639294082,201.2994428236707,TAKE_PROFIT,True,1,17,6.930196633333334
2025-11-14 20:02:22.023577+00:00,2025-11-14 20:05:27.381876+00:00,175746,175753,LONG,25248.0,25227.61036701304,-82.3085319478414,STOP_LOSS,False,0,20,3.0893049833333333
